{
    "apiVersion": "v1",
    "kind": "Namespace",
    "metadata": {
        "annotations": {
            "iam.amazonaws.com/permitted": ".*"
        },
        "creationTimestamp": "2020-01-17T13:35:21Z",
        "labels": {
            "app.kubernetes.io/instance": "base-cluster",
            "app.kubernetes.io/managed-by": "Helm",
            "app.kubernetes.io/name": "base-cluster",
            "app.kubernetes.io/version": "1.0",
            "helm.sh/chart": "base-cluster-0.1.0",
            "tavisca.com/namespace": "flight-apis"
        },
        "name": "flight-apis",
        "resourceVersion": "25177846",
        "selfLink": "/api/v1/namespaces/flight-apis",
        "uid": "35509311-392e-11ea-8c60-0ea70c5bb20d"
    },
    "spec": {
        "finalizers": [
            "kubernetes"
        ]
    },
    "status": {
        "phase": "Active"
    }
}