{"kind":"APIResourceList","apiVersion":"v1","groupVersion":"comcast.github.io/v1","resources":[{"name":"khchecks","singularName":"khcheck","namespaced":true,"kind":"KuberhealthyCheck","verbs":["delete","deletecollection","get","list","patch","create","update","watch"],"shortNames":["khc"],"storageVersionHash":"ZSeTuN8DI5k="},{"name":"khjobs","singularName":"khjob","namespaced":true,"kind":"KuberhealthyJob","verbs":["delete","deletecollection","get","list","patch","create","update","watch"],"shortNames":["khj"],"storageVersionHash":"yFstZBIDL+4="},{"name":"khstates","singularName":"khstate","namespaced":true,"kind":"KuberhealthyState","verbs":["delete","deletecollection","get","list","patch","create","update","watch"],"shortNames":["khs"],"storageVersionHash":"4cKj4JJUPuM="}]}
