{"kind":"APIResourceList","apiVersion":"v1","groupVersion":"storage.k8s.io/v1","resources":[{"name":"storageclasses","singularName":"","namespaced":false,"kind":"StorageClass","verbs":["create","delete","deletecollection","get","list","patch","update","watch"],"shortNames":["sc"]},{"name":"volumeattachments","singularName":"","namespaced":false,"kind":"VolumeAttachment","verbs":["create","delete","deletecollection","get","list","patch","update","watch"]},{"name":"volumeattachments/status","singularName":"","namespaced":false,"kind":"VolumeAttachment","verbs":["get","patch","update"]}]}
