{"kind":"APIResourceList","apiVersion":"v1","groupVersion":"configuration.konghq.com/v1","resources":[{"name":"kongconsumers","singularName":"kongconsumer","namespaced":true,"kind":"KongConsumer","verbs":["delete","deletecollection","get","list","patch","create","update","watch"],"shortNames":["kc"],"storageVersionHash":"3EDZtPGNLhU="},{"name":"kongcredentials","singularName":"kongcredential","namespaced":true,"kind":"KongCredential","verbs":["delete","deletecollection","get","list","patch","create","update","watch"],"storageVersionHash":"mpO8U5Scku8="},{"name":"kongingresses","singularName":"kongingress","namespaced":true,"kind":"KongIngress","verbs":["delete","deletecollection","get","list","patch","create","update","watch"],"shortNames":["ki"],"storageVersionHash":"PP9ViJ1EbXE="},{"name":"kongclusterplugins","singularName":"kongclusterplugin","namespaced":false,"kind":"KongClusterPlugin","verbs":["delete","deletecollection","get","list","patch","create","update","watch"],"shortNames":["kcp"],"storageVersionHash":"Z1ddlHUlM6g="},{"name":"kongplugins","singularName":"kongplugin","namespaced":true,"kind":"KongPlugin","verbs":["delete","deletecollection","get","list","patch","create","update","watch"],"shortNames":["kp"],"storageVersionHash":"McaQc4i7jzk="}]}
