{"kind":"APIResourceList","apiVersion":"v1","groupVersion":"storage.k8s.io/v1beta1","resources":[{"name":"csidrivers","singularName":"","namespaced":false,"kind":"CSIDriver","verbs":["create","delete","deletecollection","get","list","patch","update","watch"],"storageVersionHash":"Z7aeXSiaYTw="},{"name":"csinodes","singularName":"","namespaced":false,"kind":"CSINode","verbs":["create","delete","deletecollection","get","list","patch","update","watch"],"storageVersionHash":"fnCuCdDgSvE="},{"name":"storageclasses","singularName":"","namespaced":false,"kind":"StorageClass","verbs":["create","delete","deletecollection","get","list","patch","update","watch"],"shortNames":["sc"],"storageVersionHash":"K+m6uJwbjGY="},{"name":"volumeattachments","singularName":"","namespaced":false,"kind":"VolumeAttachment","verbs":["create","delete","deletecollection","get","list","patch","update","watch"],"storageVersionHash":"tJx/ezt6UDU="}]}
