{"kind":"APIResourceList","apiVersion":"v1","groupVersion":"crd.projectcalico.org/v1","resources":[{"name":"bgppeers","singularName":"bgppeer","namespaced":false,"kind":"BGPPeer","verbs":["delete","deletecollection","get","list","patch","create","update","watch"],"storageVersionHash":"LEh3VkcJdMA="},{"name":"globalnetworkpolicies","singularName":"globalnetworkpolicy","namespaced":false,"kind":"GlobalNetworkPolicy","verbs":["delete","deletecollection","get","list","patch","create","update","watch"],"storageVersionHash":"zve4ObHFE9A="},{"name":"hostendpoints","singularName":"hostendpoint","namespaced":false,"kind":"HostEndpoint","verbs":["delete","deletecollection","get","list","patch","create","update","watch"],"storageVersionHash":"lcuper2cjNA="},{"name":"ippools","singularName":"ippool","namespaced":false,"kind":"IPPool","verbs":["delete","deletecollection","get","list","patch","create","update","watch"],"storageVersionHash":"3/m0Z1pQb+k="},{"name":"networkpolicies","singularName":"networkpolicy","namespaced":true,"kind":"NetworkPolicy","verbs":["delete","deletecollection","get","list","patch","create","update","watch"],"storageVersionHash":"vyIiswN6deY="},{"name":"bgpconfigurations","singularName":"bgpconfiguration","namespaced":false,"kind":"BGPConfiguration","verbs":["delete","deletecollection","get","list","patch","create","update","watch"],"storageVersionHash":"APoTH7a/ve0="},{"name":"felixconfigurations","singularName":"felixconfiguration","namespaced":false,"kind":"FelixConfiguration","verbs":["delete","deletecollection","get","list","patch","create","update","watch"],"storageVersionHash":"3qRBCjXVVr0="},{"name":"clusterinformations","singularName":"clusterinformation","namespaced":false,"kind":"ClusterInformation","verbs":["delete","deletecollection","get","list","patch","create","update","watch"],"storageVersionHash":"IwzLAc88EAI="},{"name":"globalnetworksets","singularName":"globalnetworkset","namespaced":false,"kind":"GlobalNetworkSet","verbs":["delete","deletecollection","get","list","patch","create","update","watch"],"storageVersionHash":"v7TCLk56Q+4="}]}
