{"kind":"APIResourceList","apiVersion":"v1","groupVersion":"dynatrace.com/v1alpha1","resources":[{"name":"oneagents","singularName":"oneagent","namespaced":true,"kind":"OneAgent","verbs":["delete","deletecollection","get","list","patch","create","update","watch"],"categories":["dynatrace"],"storageVersionHash":"Bdk5Av6yoJc="},{"name":"oneagents/status","singularName":"","namespaced":true,"kind":"OneAgent","verbs":["get","patch","update"]},{"name":"oneagentapms","singularName":"oneagentapm","namespaced":true,"kind":"OneAgentAPM","verbs":["delete","deletecollection","get","list","patch","create","update","watch"],"categories":["dynatrace"],"storageVersionHash":"irGZhZtSZg0="},{"name":"oneagentapms/status","singularName":"","namespaced":true,"kind":"OneAgentAPM","verbs":["get","patch","update"]}]}
