{"kind":"APIResourceList","apiVersion":"v1","groupVersion":"storage.k8s.io/v1beta1","resources":[{"name":"csidrivers","singularName":"","namespaced":false,"kind":"CSIDriver","verbs":["create","delete","deletecollection","get","list","patch","update","watch"]},{"name":"csinodes","singularName":"","namespaced":false,"kind":"CSINode","verbs":["create","delete","deletecollection","get","list","patch","update","watch"]},{"name":"storageclasses","singularName":"","namespaced":false,"kind":"StorageClass","verbs":["create","delete","deletecollection","get","list","patch","update","watch"],"shortNames":["sc"]},{"name":"volumeattachments","singularName":"","namespaced":false,"kind":"VolumeAttachment","verbs":["create","delete","deletecollection","get","list","patch","update","watch"]}]}
