{"kind":"APIResourceList","apiVersion":"v1","groupVersion":"monitoring.coreos.com/v1","resources":[{"name":"podmonitors","singularName":"podmonitor","namespaced":true,"kind":"PodMonitor","verbs":["delete","deletecollection","get","list","patch","create","update","watch"],"storageVersionHash":"t6BHpUAzPig="},{"name":"alertmanagers","singularName":"alertmanager","namespaced":true,"kind":"Alertmanager","verbs":["delete","deletecollection","get","list","patch","create","update","watch"],"storageVersionHash":"NshW3zg1K7o="},{"name":"prometheuses","singularName":"prometheus","namespaced":true,"kind":"Prometheus","verbs":["delete","deletecollection","get","list","patch","create","update","watch"],"storageVersionHash":"C8naPY4eojU="},{"name":"servicemonitors","singularName":"servicemonitor","namespaced":true,"kind":"ServiceMonitor","verbs":["delete","deletecollection","get","list","patch","create","update","watch"],"storageVersionHash":"JLhPcfa+5xE="},{"name":"prometheusrules","singularName":"prometheusrule","namespaced":true,"kind":"PrometheusRule","verbs":["delete","deletecollection","get","list","patch","create","update","watch"],"storageVersionHash":"RSJ8iG+KDOo="}]}
