{"kind":"APIResourceList","apiVersion":"v1","groupVersion":"autoscaling.k8s.io/v1beta2","resources":[{"name":"verticalpodautoscalers","singularName":"verticalpodautoscaler","namespaced":true,"kind":"VerticalPodAutoscaler","verbs":["delete","deletecollection","get","list","patch","create","update","watch"],"shortNames":["vpa"],"storageVersionHash":"pMEMdP7aKbs="},{"name":"verticalpodautoscalercheckpoints","singularName":"verticalpodautoscalercheckpoint","namespaced":true,"kind":"VerticalPodAutoscalerCheckpoint","verbs":["delete","deletecollection","get","list","patch","create","update","watch"],"shortNames":["vpacheckpoint"],"storageVersionHash":"z4tivoS31mA="}]}
